gene_id,UMAP_1,UMAP_2,Trend
Fth1,729.057874,362.2476304,Covary
Igfbp7,531.9951022,219.0136734,Covary
Umod,500.7041988,648.1708998,Covary
Atp1b1,356.5009636,1305.835496,Covary
Cox6a1,294.3490076,380.6087737,Covary
Ptms,254.6877951,123.5837973,Covary
Atp1a1,211.7228582,1032.494211,Covary
Tns1,162.0859758,90.92049042,Covary
Actb,155.681074,200.5606444,Covary
Mgp,138.0912257,95.84617892,Covary
Timp3,136.261445,70.01788448,Covary
Igfbp5,134.4776737,503.3057045,Covary
Spp1,129.5380011,797.4379179,Covary
Fxyd2,128.0283448,625.2855206,Covary
Tpt1,101.2577299,74.80633829,Covary
Pabpn1,99.85878997,67.47789333,Covary
Itm2b,97.8382817,108.5050741,Covary
B2m,93.71362951,75.03064865,Covary
Rsrp1,85.13206674,70.53345219,Covary
Eef1a1,78.60045253,74.27463588,Covary
Ctsb,76.83056749,71.12368906,Covary
C130074G19Rik,74.26199937,10.04800198,Covary
Mdh2,70.95766295,126.4021195,Covary
Cd74,70.09327337,34.08764042,Covary
Cfl1,69.93829796,74.20658172,Covary
Atpif1,69.15081937,31.25642203,Covary
Ctsd,63.68431339,66.93750812,Covary
Hist1h1c,62.57710071,48.98731424,Covary
Atp5a1,56.50871235,260.1920205,Covary
Car15,56.25968366,30.10661377,Covary
Cystm1,55.36597875,43.16349413,Covary
Pfn1,54.0929912,73.41803552,Covary
Esd,51.65678242,45.43176063,Covary
Cox8a,51.39969627,134.9555461,Covary
H2-D1,51.37981941,55.05129444,Covary
Uqcrc1,51.17391824,88.02647993,Covary
Aldh4a1,51.0819858,20.78427374,Covary
Gpi1,50.7307308,77.45076817,Covary
Park7,48.98172311,14.03308444,Covary
Atp5e,48.77474463,83.30978235,Covary
Rab5c,47.43078324,27.81269792,Covary
Uqcr11,46.84362401,94.68309376,Covary
Slc25a5,43.45633705,111.0146914,Covary
Hnrnpab,43.26206056,49.76595668,Covary
Serf2,42.95307123,44.1975233,Covary
Skp1a,42.65563141,48.87892623,Covary
Chchd10,41.67944978,64.79202866,Covary
Edf1,41.27683196,48.38440543,Covary
S100a1,40.21552191,69.4297562,Covary
Car2,39.98917482,48.84806169,Covary
Mettl26,38.90177498,18.31559721,Covary
Calm1,38.27251997,68.58944581,Covary
Ppp1r1a,37.74902268,183.7847494,Covary
Ube2d3,37.55696374,19.08299769,Covary
Dcaf11,37.52404404,43.32047356,Covary
Sdha,37.30386739,72.81913641,Covary
Ndufa13,36.58151945,48.47606485,Covary
Oaz1,36.46276236,21.66154598,Covary
Pkm,35.99245573,190.4780646,Covary
Plpp3,35.28049834,79.85445134,Covary
Cyb5b,35.23175977,30.42425293,Covary
Bpnt1,34.24113608,83.16902056,Covary
Got2,33.93106604,69.20804749,Covary
Picalm,33.58906987,24.85865028,Covary
Atp5mpl,33.35809249,83.50353093,Covary
Serbp1,33.29683305,41.6939336,Covary
Mif,33.09174664,17.68016119,Covary
Tagln2,32.98334666,27.73290465,Covary
Ndufs7,32.9414989,57.52412659,Covary
Ezr,32.73211128,46.76654583,Covary
H2-Aa,32.68010071,21.2951307,Covary
Ndufc2,32.52378578,32.93431498,Covary
Vcp,32.43915623,45.67190614,Covary
Ccnd1,32.41081246,82.87968946,Covary
Clint1,31.88615885,15.30936132,Covary
Hspa5,31.73520077,23.51867611,Covary
Grcc10,31.40497929,32.54290056,Covary
Oaz2,31.31826641,15.61123927,Covary
Map7,31.04992311,11.36184842,Covary
Nudt4,30.64125398,62.44818706,Covary
Srsf6,29.94534942,19.27467851,Covary
Myl9,29.87947616,9.923667019,Covary
Ptbp1,29.55869553,49.33210219,Covary
Aqp2,29.55367986,47.17286612,Covary
Eef2,29.03662973,51.11155155,Covary
Idh3b,28.66507687,36.03164405,Covary
Nceh1,28.32999372,18.5420284,Covary
Hist1h1e,27.99350031,31.59831116,Covary
Pink1,27.85503338,21.0847427,Covary
Srsf11,27.7814318,18.10643815,Covary
Chdh,27.63463737,15.60422707,Covary
Nedd8,27.41091716,18.54553086,Covary
Tle5,26.93306146,93.50234729,Covary
Hnrnpa0,26.88651428,35.32510356,Covary
Cltb,26.81706853,13.29813138,Covary
March6,26.41528079,11.21259838,Covary
Kcnj16,26.19198129,31.36592191,Covary
Ywhaz,25.80688058,49.75181567,Covary
Cdc42se1,25.18736952,26.99331295,Covary
Serp1,25.05190797,22.44129113,Covary
Prkar1a,24.40731996,36.96561283,Covary
Pgam1,24.06672904,38.1183094,Covary
Hnrnpa2b1,24.03395585,33.28322556,Covary
Nr1d1,23.2267946,14.72564794,Covary
Fgf1,22.94591297,16.27411305,Covary
Tmem64,22.5755474,6.987881114,Covary
Cflar,22.34205507,22.96335162,Covary
Swi5,22.2977258,11.06306113,Covary
Plpbp,22.04579465,9.747426401,Covary
Cisd3,22.02439758,7.802646775,Covary
Sparc,21.89484391,19.16499125,Covary
Ndufb9,21.82452633,51.60908953,Covary
Myl12a,21.71972049,60.82837465,Covary
Plscr2,21.70548552,53.9719539,Covary
Tpd52,21.47202091,27.65645495,Covary
Wnk4,21.46154017,61.89079522,Covary
Suds3,21.41066207,11.83931964,Covary
Auh,21.2746176,15.90819007,Covary
Idh2,21.27225701,39.06482625,Covary
Cdkl1,21.1036075,64.38332262,Covary
Ndufs4,21.01989532,34.07535566,Covary
Eng,20.77796199,14.03726657,Covary
Pdlim5,20.54624779,20.89994349,Covary
Cenpb,20.54561397,16.78146818,Covary
Aif1l,20.51637964,29.4018639,Covary
Timm8b,20.4891852,17.90283411,Covary
Ndufb8,20.46371433,70.51903399,Covary
Psmb3,20.30999253,12.52327409,Covary
Wdr26,20.26032251,17.16144477,Covary
Acaa2,20.19321675,15.67885578,Covary
Mcrip2,19.46699236,10.61220865,Covary
Sf1,19.39935144,15.59216959,Covary
Cd24a,19.32810349,57.4021883,Covary
Psmd2,19.28058883,16.69982424,Covary
Arhgdia,19.18285531,34.49054362,Covary
Nedd4l,19.13499853,13.14791948,Covary
Timm23,18.89872562,23.66271504,Covary
Nfe2l1,18.87591689,55.57752841,Covary
Tob1,18.76564314,19.51471748,Covary
Fabp3,18.69855096,109.2368153,Covary
Myo1c,18.55633058,36.9770392,Covary
Vps29,18.46094836,11.51895839,Covary
Rabac1,18.41280994,23.13037654,Covary
Vdac2,18.21682758,59.69480044,Covary
Anapc13,18.19125663,13.40538634,Covary
Sostdc1,17.95786517,103.4782822,Covary
Slc25a19,17.85941331,19.20688425,Covary
Pgls,17.7740501,20.18586175,Covary
Mapk1,17.71922145,14.62427403,Covary
Rab7,17.7007228,13.30743128,Covary
H2afv,17.69156606,15.35484484,Covary
H2-Q6,17.6216671,11.92834367,Covary
Ndufs6,17.42824327,53.70291911,Covary
Atp6v0c,17.28700794,15.28529556,Covary
Sod2,17.23134156,50.88257372,Covary
Dvl3,17.17808768,29.91338248,Covary
Cyc1,17.12099946,73.1824496,Covary
Crip1,17.0254013,5.01857279,Covary
Slc6a8,17.01057977,9.299163526,Covary
Sdhd,16.86230827,32.9134128,Covary
Sptlc2,16.7779307,12.92577934,Covary
Hdgf,16.74846838,17.97094519,Covary
Nudc,16.71681904,17.8207211,Covary
Ndufa2,16.70229461,32.87778801,Covary
Rsrc2,16.68232359,9.555603259,Covary
Pnn,16.64617249,10.19061455,Covary
Hs6st1,16.56884606,31.74048925,Covary
Ilk,16.53480246,16.83680928,Covary
Chp1,16.51415752,24.28538509,Covary
Acat2,16.27644035,5.60667087,Covary
Pbx1,16.04194406,23.96692065,Covary
Lasp1,15.85800254,10.65342791,Covary
Anapc5,15.82599424,18.17731043,Covary
Atp5l,15.79651789,69.97372654,Covary
Rnasek,15.59783809,22.91311137,Covary
Rbms1,15.45718367,24.46150697,Covary
Gatd3a,15.40909988,39.44699509,Covary
Eif2s2,15.3881596,11.06032048,Covary
Ppargc1a,15.35324945,54.34175885,Covary
Lsm4,15.27962667,22.05097434,Covary
Psme4,15.25523483,14.77625393,Covary
Abca13,15.23599823,46.66898109,Covary
Tomm6,15.21044223,21.07640597,Covary
Ckb,15.19702677,163.0572423,Covary
Trim8,15.19536123,14.58955325,Covary
Cox7b,15.0155491,59.40434555,Covary
Cyfip2,14.85121813,122.8738623,Covary
Ppp2ca,14.84041448,16.76082774,Covary
Slc25a51,14.81161056,17.89857918,Covary
Tm2d2,14.80457375,8.919902401,Covary
Pcolce,14.78847607,67.41955523,Covary
Znhit1,14.6595556,13.29197544,Covary
Acad11,14.59646086,8.707527888,Covary
Npm1,14.47550602,11.338904,Covary
Lonp1,14.41931604,8.640601441,Covary
Slc9a3r2,14.41403957,29.67782419,Covary
Sept2,14.36111362,17.64360907,Covary
H2afz,14.35180387,13.73133763,Covary
Atp5o,14.34879231,43.06181142,Covary
Baiap2l2,14.25981419,29.52677669,Covary
Mapkapk2,14.2557054,15.35573012,Covary
Btg1,14.08994756,46.64011239,Covary
Sidt2,13.96420991,20.23894825,Covary
Arpc2,13.95208537,25.64887969,Covary
Txlna,13.94648458,15.21780352,Covary
Nr2f6,13.90950972,18.66445556,Covary
Cxcl16,13.86986763,12.3571541,Covary
Pacsin2,13.66856237,23.82336682,Covary
Eif1,13.66586922,20.2899123,Covary
Dap,13.44483802,10.63654511,Covary
Cox7a2l,13.41092418,21.06291858,Covary
Csnk2b,13.36942443,9.927361823,Covary
Derl1,13.36513347,10.83631357,Covary
Tomm20,13.36276023,14.5181468,Covary
Atn1,13.31352507,18.31707555,Covary
Nudt8,13.18919491,6.297651332,Covary
Akt2,13.15505261,9.306456094,Covary
Ccpg1,12.99643288,14.43018828,Covary
Lemd2,12.94451272,11.2461416,Covary
Sptan1,12.92477225,19.09627616,Covary
Coro1c,12.87837465,8.243058164,Covary
Rpp21,12.85199566,14.70905954,Covary
Ip6k1,12.83003764,10.03243394,Covary
Bod1,12.81585407,15.81238464,Covary
Hpcal1,12.71797942,13.8715323,Covary
Pard6b,12.62333245,17.28125065,Covary
Ubxn1,12.61482521,24.19962568,Covary
Dmtn,12.60971969,22.52259226,Covary
Fkbp8,12.59031577,14.42218988,Covary
Shisa5,12.56979204,13.00959812,Covary
0610012G03Rik,12.5598078,11.79708911,Covary
Snrpd3,12.52418239,15.69118534,Covary
Wbp2,12.46835273,7.832089541,Covary
Mindy2,12.40701159,17.25322709,Covary
Vegfa,12.34583015,18.29519057,Covary
Arpc1b,12.21648195,14.19735635,Covary
Rab24,12.17987196,9.868900348,Covary
Prrc2a,12.16693987,12.37408569,Covary
Pcyt2,12.16595211,17.85417634,Covary
Arrdc3,12.15563505,11.05824317,Covary
Pnrc1,12.10415209,10.29077939,Covary
Arf4,12.09663204,16.78485159,Covary
Psmd4,12.07956563,12.27933939,Covary
Mapk3,11.99443048,9.618584657,Covary
Strn3,11.98247392,8.671628448,Covary
Sumo3,11.97808111,25.5779548,Covary
Cpeb2,11.94481573,13.77114453,Covary
Pxn,11.93580564,8.309317013,Covary
Btbd2,11.88265332,8.93141418,Covary
Sult1c2,11.84822879,10.33856892,Covary
Vasp,11.73991457,16.70641701,Covary
Psenen,11.73358257,22.21339194,Covary
Scand1,11.73199426,12.28757546,Covary
Rab5b,11.72513442,11.8845973,Covary
Igsf5,11.63209109,13.68210623,Covary
Mtfr1l,11.58527468,9.857514538,Covary
Selenok,11.56660514,9.010538804,Covary
Mavs,11.54708033,36.18220256,Covary
Otub1,11.43187385,18.07964216,Covary
Clpp,11.40653491,8.767651016,Covary
Hoxa9,11.30602005,6.618996144,Covary
Pbxip1,11.29279056,27.35871561,Covary
Pkig,11.28671287,14.15491945,Covary
Gdi2,11.25280047,12.45937783,Covary
Cant1,11.21238279,9.014414395,Covary
Ppp6r1,11.17992868,12.69738373,Covary
Tacstd2,11.1634859,49.32401745,Covary
Wdr83os,11.13990092,15.51425723,Covary
Tmem72,11.08451838,37.61987761,Covary
Msi2,10.99130447,26.09671073,Covary
Hoxb6,10.98686349,21.96804266,Covary
Wwc1,10.95841749,36.25692749,Covary
Psma2,10.92164583,11.6111508,Covary
Scamp2,10.88594907,9.380111729,Covary
Ptpmt1,10.80488419,14.11572454,Covary
H2-Q7,10.77426759,6.780979405,Covary
Myo10,10.76395761,10.15480857,Covary
Epb41l5,10.74269845,12.02199102,Covary
Cd82,10.71750498,48.63538182,Covary
Rad23b,10.67122288,10.93555501,Covary
Map2k2,10.66383159,11.40824159,Covary
Ago2,10.47563271,7.81466844,Covary
Gcgr,10.3462365,18.57702511,Covary
Hes1,10.34297041,48.26298013,Covary
Nme1,10.32923178,9.72918192,Covary
Myadm,10.3175208,10.36331345,Covary
Slc2a1,10.25996566,70.22230157,Covary
Fis1,10.24754698,25.04827762,Covary
Cadm4,10.2278845,27.68392378,Covary
Tmpo,10.22213902,12.77722772,Covary
Tacc2,10.21952498,11.93904055,Covary
Cspp1,10.16453299,6.997292985,Covary
Bckdk,10.06475309,10.62933276,Covary
C77080,10.04885488,24.27431609,Covary
Gmpr,10.0432846,10.21313567,Covary
Zswim8,10.0141453,7.393521463,Covary
Gns,9.924967538,13.85883292,Covary
Ciao2b,9.912560767,12.65889375,Covary
Pou3f3,9.911528947,27.51884079,Covary
Stk11,9.875106821,10.44246231,Covary
Pawr,9.844720143,7.093994073,Covary
Smarca4,9.739944613,7.730170223,Covary
Golga7,9.664090753,18.64183687,Covary
Birc6,9.562378891,10.03801275,Covary
Capn2,9.48863004,22.64260247,Covary
Ap1s1,9.48536679,9.637144274,Covary
Mapk8ip1,9.384805333,10.44301813,Covary
2310039H08Rik,9.359956014,7.211059903,Covary
Trir,9.321855539,8.46917206,Covary
Dlec1,9.319288527,9.082090867,Covary
Ncoa5,9.274471472,8.632044305,Covary
Acaa1a,9.244123581,8.310528443,Covary
Add3,9.232985571,10.75110271,Covary
Sfswap,9.205721477,9.906530849,Covary
Atg4d,9.181773532,16.5618598,Covary
Tuba1a,9.171527305,18.26566755,Covary
Nudt3,9.139555108,22.10858919,Covary
Wwtr1,9.066268053,15.35058285,Covary
Cited2,9.053653999,12.37911334,Covary
Ppp2r1a,9.050539952,11.23951141,Covary
Nmt1,9.039586942,6.526752538,Covary
Coa6,8.942731928,7.552259544,Covary
Banf1,8.932252147,12.36163572,Covary
Elof1,8.876646794,9.505658071,Covary
Letm1,8.846611048,10.2647688,Covary
Ndufs3,8.821776846,15.77429192,Covary
Puf60,8.799165063,15.34540306,Covary
Taf10,8.795043347,8.007146507,Covary
Asap1,8.710522226,7.309368064,Covary
Larp1b,8.64670375,11.28923848,Covary
Arhgef18,8.602322719,20.27075447,Covary
Ube2s,8.600318539,13.59671411,Covary
Ik,8.515685152,14.84136215,Covary
Usf2,8.501561364,9.29046182,Covary
Ggnbp1,8.475033736,6.671413128,Covary
2210016L21Rik,8.405687492,8.517070885,Covary
Cavin1,8.340598633,7.884234808,Covary
Midn,8.330157479,14.27170448,Covary
Calm2,8.327822366,29.9208328,Covary
Ppp4r2,8.276415717,10.85535866,Covary
Anxa2,8.209727855,42.60808044,Covary
Chmp4b,8.183083079,15.93435708,Covary
Lrrc8a,8.18056599,10.56855763,Covary
Cct3,8.17636211,14.62166501,Covary
Cdk16,8.15125442,7.637221472,Covary
Akap1,8.137752412,8.57033406,Covary
Bax,8.131442576,15.01520786,Covary
Kars,8.128359678,7.940068472,Covary
Ccnd3,8.085326135,14.18635733,Covary
Mxd4,8.083311555,16.13635919,Covary
Chmp6,8.07402041,11.93509853,Covary
Rassf8,8.057457698,26.28354734,Covary
Ifitm3,8.046835856,18.07004627,Covary
Atad3a,8.025985037,8.979511067,Covary
Atp6v1d,7.999192485,29.27349177,Covary
Stat1,7.986824258,13.30447347,Covary
Cobll1,7.979796201,26.99643783,Covary
Ppp5c,7.97202747,12.93901722,Covary
Ankrd13a,7.948135479,12.90008925,Covary
Cdk18,7.919154091,6.989748772,Covary
Irf1,7.90900592,9.418928161,Covary
C1qa,7.907605653,9.24496243,Covary
Eif4e2,7.89936473,7.573961489,Covary
Miga2,7.895991641,15.81192133,Covary
C1qc,7.853959756,9.06901257,Covary
Anp32e,7.840963356,11.27752989,Covary
Cdk5,7.81201732,5.286052137,Covary
Hnrnpdl,7.791735368,12.08739263,Covary
Szrd1,7.78352041,9.689258362,Covary
Dynll1,7.77516903,9.187576449,Covary
Sik3,7.772086666,11.52565906,Covary
Med25,7.76822969,13.09229844,Covary
Ptpn18,7.752384552,18.62241753,Covary
Pcnx,7.742564301,13.07700281,Covary
Fndc3b,7.72818851,9.01704517,Covary
Pxk,7.710038044,12.80228595,Covary
Tbk1,7.681925595,6.953253878,Covary
Myo19,7.672361558,10.36783753,Covary
Lats1,7.653734984,13.78072606,Covary
Aen,7.62041719,5.630453697,Covary
Prelid1,7.617171955,9.857192802,Covary
Chtop,7.608978589,11.25886154,Covary
B3gnt2,7.567450684,16.31723492,Covary
2610528J11Rik,7.561350298,6.279135427,Covary
Smad3,7.535935394,9.15993438,Covary
Marcks,7.528083491,10.86493238,Covary
Tmem30a,7.473453329,10.93319693,Covary
Morf4l1,7.451237388,13.79030729,Covary
Slc27a4,7.416130501,7.153168071,Covary
Akt1,7.330197183,14.38370481,Covary
Thap4,7.317711742,18.73230466,Covary
Tgfb1,7.315142593,9.374216598,Covary
Eif4a1,7.298452115,10.60661095,Covary
Pitpna,7.295258761,6.885369682,Covary
Lgals3,7.293297004,29.83047785,Covary
Usp48,7.286657562,11.35497425,Covary
Vps4b,7.285477056,5.962987448,Covary
Nars,7.282232177,15.57962204,Covary
Micu2,7.249866883,10.2073912,Covary
Hsph1,7.18203117,14.8680745,Covary
Cxcl14,7.172293175,20.03381777,Covary
Tsnax,7.159611865,7.51113121,Covary
Acsl1,7.067941909,28.16544125,Covary
Dag1,7.061673194,12.45583576,Covary
Josd2,6.902144416,5.541039327,Covary
Llgl2,6.876354697,9.661026564,Covary
Sec61b,6.821359004,14.06822295,Covary
Actr3,6.77657389,18.82893303,Covary
Naa60,6.769235878,10.75306703,Covary
Tsc22d4,6.75005459,13.53482006,Covary
Parp10,6.691669671,9.534535171,Covary
Eif4a3,6.658239955,11.29104291,Covary
Mark2,6.654367857,11.66940902,Covary
Chmp1a,6.640953938,9.53703306,Covary
Tagap1,6.640157358,6.638891389,Covary
R3hdm2,6.633235711,9.331514313,Covary
Map3k11,6.612305622,11.4417216,Covary
Eif2ak3,6.541314173,13.35324175,Covary
Fbxo21,6.519866921,9.202552433,Covary
Wbp1,6.489761353,10.57131309,Covary
Ccdc50,6.448228441,11.97757427,Covary
2310061I04Rik,6.433813378,19.68458904,Covary
Iqgap1,6.364917656,13.10121886,Covary
Pdrg1,6.273197728,9.721769032,Covary
Ifngr2,6.23770339,9.15371208,Covary
Hsdl2,6.23720767,10.46792352,Covary
Lsm7,6.233487432,5.788236059,Covary
Heg1,6.174597125,6.799781929,Covary
Dgcr2,6.167237824,4.946732951,Covary
Trak1,6.144234243,6.751471594,Covary
Kansl2,5.975078593,7.806943036,Covary
Card19,5.939898327,6.360299516,Covary
Zmiz2,5.934195178,15.80649054,Covary
Crcp,5.926802429,6.311544585,Covary
Pisd,5.906025895,7.13492482,Covary
Ints1,5.895914273,9.491753586,Covary
Scarf2,5.895126561,11.8500982,Covary
Marcksl1,5.891351906,8.920291378,Covary
Wdr5,5.889953255,9.86725365,Covary
Atp5g1,5.889096084,18.69960358,Covary
Nhp2,5.887742986,5.374206834,Covary
Tsc22d2,5.85423769,5.466666682,Covary
Emilin1,5.822509591,6.832821769,Covary
Zfp672,5.814284664,11.28290295,Covary
Stk38,5.797296476,6.152603583,Covary
Pelo,5.775776899,6.006482593,Covary
Mroh1,5.749761652,8.971389033,Covary
Smtnl2,5.748615432,9.217157406,Covary
Brd4,5.739518115,9.831096463,Covary
Thoc2,5.734703552,11.91631287,Covary
Gys1,5.721249151,14.64664573,Covary
Snapin,5.718456508,11.05700825,Covary
Tsg101,5.685098326,12.42164635,Covary
Ide,5.660780098,11.18616679,Covary
Mri1,5.656527642,6.069767169,Covary
Emb,5.656371585,14.88185978,Covary
Chmp2b,5.640986837,6.866222944,Covary
Slc39a9,5.605651904,7.873325547,Covary
Ppox,5.584118159,8.361161702,Covary
Prps2,5.560401021,20.70827015,Covary
Angpt1,5.553799977,4.638441589,Covary
Foxj2,5.542333894,6.692163566,Covary
Usp25,5.538223063,12.04513969,Covary
Ttc19,5.535666741,6.307101905,Covary
Gm13889,5.520758834,14.02940043,Covary
Srgn,5.498063507,9.659142354,Covary
Cdh5,5.413033723,8.504560781,Covary
Tpst2,5.392036114,7.339347,Covary
Cd34,5.323023606,11.27550199,Covary
Arf2,5.224113548,4.444610078,Covary
Parp16,5.210945439,4.284916269,Covary
Abhd12,5.201822213,7.316554396,Covary
Cbx1,5.158729468,7.853567719,Covary
Tfeb,5.135876987,9.20951841,Covary
Esrrb,5.071791397,22.41469957,Covary
Atpaf1,5.047133834,9.200256168,Covary
Cdk10,5.035828018,5.925272576,Covary
Ptcd1,4.973720876,5.674887954,Covary
Pcp4l1,4.957315953,3.590953599,Covary
Nmnat1,4.954195899,6.180923233,Covary
Taco1,4.95106181,7.74868303,Covary
Cnih4,4.92562179,11.07495184,Covary
Pom121,4.91320738,7.744139701,Covary
Syngr1,4.872182745,20.81562586,Covary
Tcf7l2,4.857749372,6.516184754,Covary
Exosc4,4.849289748,6.212292084,Covary
Pik3r2,4.835221931,5.182661438,Covary
Dbnl,4.81746174,6.918800135,Covary
Lgals3bp,4.785007379,8.547183219,Covary
Dedd,4.781217959,5.946765317,Covary
Tubb2a,4.711425079,13.0876995,Covary
Cdc42bpb,4.617205772,8.607019706,Covary
Efnb1,4.514299844,5.718818421,Covary
Bmp7,4.466725262,7.282271691,Covary
Chchd4,4.455219716,6.599793769,Covary
Tead3,4.423948569,5.385558314,Covary
Pdcl3,4.423051076,5.124181813,Covary
Vat1,4.405366274,7.631609187,Covary
Nol4l,4.378377731,6.015250535,Covary
Psmb10,4.3341674,11.26613965,Covary
Wdr13,4.33135723,6.893525819,Covary
Hoxc9,4.273661253,10.15328505,Covary
Pstk,4.246298659,6.157379291,Covary
Pfdn4,4.243047125,12.28054446,Covary
Tbcc,4.231233603,6.495917892,Covary
Ebag9,4.182041918,8.13722588,Covary
Rbm34,4.176484023,4.233157483,Covary
Ctdnep1,4.161877918,7.738340394,Covary
Ppp2r3d,4.14544253,7.30110358,Covary
Cfap298,4.121136037,7.262954295,Covary
Leng1,4.120741826,6.427585219,Covary
Zfp335,4.052258216,5.902346442,Covary
Jpt1,3.948632545,5.070985391,Covary
Nacc1,3.944966334,4.704205639,Covary
Isg20l2,3.900610828,4.309181425,Covary
Rin3,3.895511722,7.724714355,Covary
Nudt22,3.844556864,8.688939047,Covary
Ttc13,3.821687501,4.111265035,Covary
Nhlrc2,3.809155929,6.264163197,Covary
Cop1,3.770180985,5.965455575,Covary
Ipo8,3.723314096,7.172496498,Covary
Scin,3.713655431,38.725781,Covary
Notch4,3.709939388,5.912632994,Covary
Hoxc4,3.680539101,6.110413584,Covary
Sema3f,3.650992381,6.167048464,Covary
Atp13a2,3.566339392,7.137972488,Covary
Tmc4,3.563205204,14.19286364,Covary
Fbl,3.503930045,5.71583973,Covary
Prom1,3.489669609,13.02763497,Covary
Ranbp3,3.449691659,7.176361116,Covary
Mad2l2,3.447068197,5.597244497,Covary
Isyna1,3.375670388,38.00228438,Covary
Dmac2,3.365272636,9.712771464,Covary
Stk3,3.328776302,5.623263174,Covary
Rrs1,3.297362718,4.230198375,Covary
Pdcd5,3.296476475,5.397137106,Covary
Hoxc5,3.25209353,7.665230182,Covary
Zfp7,3.230765563,10.10715916,Covary
Irs1,3.17627725,7.57067665,Covary
Srpk2,3.150783103,6.907832496,Covary
AA986860,3.084293974,8.961558628,Covary
Slbp,3.033332919,6.93561115,Covary
Dhrs11,3.021136407,5.403956602,Covary
Nol12,3.012529369,7.441054354,Covary
Vps26c,3.002137524,4.429712672,Covary
Zc3hav1,2.978663003,5.200610967,Covary
Siva1,2.804969822,6.029937372,Covary
Prkch,2.705977857,5.571161789,Covary
Idua,2.702482418,4.644687191,Covary
Nfkb2,2.629959084,4.921360413,Covary
Pitpnm1,2.598330538,4.596598752,Covary
Carm1,2.534708006,4.900132448,Covary
Arrb2,2.349139067,3.831799241,Covary
Pappa,2.144118259,6.714385192,Covary
Nlgn2,1.920240223,3.17919047,Covary
Csf2ra,1.815021756,4.603608761,Covary
Ms4a4b,1.072064828,1.251481267,Covary
Dsg3,-0.128713908,-0.995933534,Covary
Vmn2r106,-0.150186003,-0.421323084,Covary
Olfr794,-0.162017249,-0.719613266,Covary
Vmn2r92,-0.201271085,-0.498070318,Covary
Olfr1086,-0.211209152,-0.853008925,Covary
Olfr1434,-0.218819652,-0.70390143,Covary
Olfr1058,-0.242186559,-1.094284757,Covary
Gm9833,-0.246064663,-0.961095761,Covary
Olfr1018,-0.254278671,-0.95511935,Covary
Olfr1140,-0.266984785,-0.481104327,Covary
Gpr141,-0.276496554,-0.74268877,Covary
Htr4,-0.288010693,-5.970594728,Covary
Strit1,-0.288511738,-0.722739604,Covary
Nlrp9a,-0.29641139,-1.1366709,Covary
Olfr599,-0.300555378,-1.017948651,Covary
Hal,-0.326896901,-0.891384939,Covary
Olfr129,-0.333789637,-0.872256108,Covary
Eras,-0.337707208,-0.803614819,Covary
Tle7,-0.360435942,-0.824340758,Covary
Krtap14,-0.361946156,-1.076908869,Covary
Olfr139,-0.363032912,-0.427962577,Covary
Olfr61,-0.405669892,-0.907764118,Covary
Tmem238l,-0.406302937,-4.091944149,Covary
Olfr1349,-0.414174441,-0.898927936,Covary
Olfr984,-0.414318467,-0.724321524,Covary
Olfr867,-0.414898906,-0.455715691,Covary
Cacng1,-0.439540385,-1.21964976,Covary
Olfr354,-0.450753917,-0.692024107,Covary
Topaz1,-0.467965608,-0.734218534,Covary
Cdk15,-0.484088473,-0.848543197,Covary
Abcc8,-0.494201113,-1.068057621,Covary
Slc43a1,-0.557320423,-1.275570587,Covary
Samd3,-0.564701265,-0.884037853,Covary
Cbln4,-0.631722028,-1.044873223,Covary
Nav3,-0.659123582,-4.19940045,Covary
Albfm1,-0.697585706,-1.405297306,Covary
Olfr854,-0.77376847,-0.704209943,Covary
Ube2ql1,-0.819626544,-1.868084675,Covary
Hist2h3c1,-0.838009769,-1.335552924,Covary
Sytl3,-0.853479427,-1.087936126,Covary
Tm4sf4,-0.972776745,-0.734712046,Covary
Tas2r137,-0.97335954,-2.168237371,Covary
Kantr,-1.018956747,-2.292589951,Covary
Vrk2,-1.168271897,-2.243848397,Covary
5730480H06Rik,-1.210983516,-2.883074419,Covary
Kbtbd2,-1.305090408,-2.727872824,Covary
Ccdc66,-1.434983764,-3.37488495,Covary
Aldh1a7,-1.630322108,-3.560123862,Covary
Galnt4,-1.731197092,-3.719940851,Covary
Dph2,-1.739664402,-3.746037027,Covary
Setdb1,-1.754449104,-2.317082961,Covary
Topbp1,-1.785729661,-3.338065488,Covary
Slc14a2,-1.823160384,-64.67993968,Covary
Cck,-1.891713118,-52.76127149,Covary
Ripk4,-1.90756191,-3.411006526,Covary
Aqp6,-2.069629193,-32.13179809,Covary
Osgepl1,-2.071467283,-2.585737826,Covary
Vps37d,-2.090191348,-5.377901983,Covary
Lrrc41,-2.099378709,-3.581314408,Covary
Aqp4,-2.131027468,-11.19577696,Covary
Fbxl6,-2.180849223,-3.17244526,Covary
Cybc1,-2.182897583,-6.921489715,Covary
Pcid2,-2.19479023,-3.177266602,Covary
Mageh1,-2.196657499,-5.836710556,Covary
Nln,-2.200808148,-3.156121425,Covary
Rapgef6,-2.209648104,-3.704592609,Covary
Zcchc4,-2.212239837,-6.348136768,Covary
Adig,-2.214062795,-1.833459307,Covary
Chd9,-2.278806572,-3.79622895,Covary
Lrch1,-2.284034536,-7.902473705,Covary
Epm2a,-2.340161437,-4.119441472,Covary
Ebpl,-2.410154306,-4.150036566,Covary
Wdr4,-2.487103626,-3.926857829,Covary
Arl6ip6,-2.506606979,-4.24389687,Covary
Dmac2l,-2.609716971,-2.744902814,Covary
Slc30a4,-2.622273008,-3.660674775,Covary
Trim27,-2.630347389,-3.689826603,Covary
Fbxo28,-2.633421244,-4.416983111,Covary
Fam199x,-2.64172384,-4.305643414,Covary
Dtnb,-2.746190927,-7.746891619,Covary
Gnaq,-2.765231226,-6.798166579,Covary
Daglb,-2.803565185,-2.423883129,Covary
Pdcl,-2.810670284,-4.762470807,Covary
Abcb7,-2.831782765,-2.951209025,Covary
Pdzd8,-2.850308383,-12.36297897,Covary
Cdpf1,-2.857481927,-3.560656618,Covary
Atg4c,-2.876157817,-5.459182048,Covary
Rabif,-2.883516332,-4.949508731,Covary
Specc1l,-2.902991255,-8.911295134,Covary
4931406P16Rik,-2.922993841,-9.355293713,Covary
Fbxl4,-2.956716836,-3.998330963,Covary
Hectd4,-2.98836668,-11.18954252,Covary
Leprot,-3.023061547,-5.299348553,Covary
Polr2k,-3.039328188,-4.613315733,Covary
Pon2,-3.079230119,-7.327294545,Covary
Sart3,-3.089551283,-7.993713846,Covary
Babam2,-3.135517784,-7.590058966,Covary
Phf14,-3.142986481,-4.93085702,Covary
Clcnka,-3.14757366,-20.6557206,Covary
Sfmbt1,-3.161910139,-4.9253088,Covary
Slc35c2,-3.177943074,-4.261705093,Covary
Sgpl1,-3.189505724,-10.83003287,Covary
Zbtb21,-3.194558162,-6.264775553,Covary
Mfsd11,-3.209164727,-4.435715205,Covary
Nat8f7,-3.211886506,-1.291189805,Covary
Gabpa,-3.270163793,-4.98912227,Covary
Aifm3,-3.288578389,-1.76793153,Covary
Sestd1,-3.293234582,-7.332483766,Covary
Trappc8,-3.330191877,-4.456549421,Covary
Kdm2a,-3.37364631,-7.576044308,Covary
Slco4c1,-3.377118627,-2.808109791,Covary
Clns1a,-3.418345804,-8.216109791,Covary
Heatr3,-3.421438414,-2.945702539,Covary
Stat5a,-3.439818724,-6.699830739,Covary
Tgfbr1,-3.495700557,-4.470601819,Covary
G6pc3,-3.506007981,-4.52440516,Covary
Stat6,-3.54433067,-8.467869129,Covary
Mogat1,-3.573103533,-1.195784771,Covary
Cox8b,-3.573311672,-3.116439719,Covary
Crebrf,-3.63945997,-14.04770239,Covary
Zxdc,-3.64178768,-6.992525669,Covary
Slc49a4,-3.656538826,-6.089973321,Covary
Ttc1,-3.657618802,-5.265763616,Covary
Nemf,-3.663161794,-5.959714334,Covary
Man2a2,-3.664749059,-8.386548379,Covary
Acad12,-3.673744506,-6.977762583,Covary
Zfand5,-3.675589032,-8.33602392,Covary
Mga,-3.681558827,-7.201108043,Covary
Med10,-3.683318209,-5.763479789,Covary
Asf1a,-3.685325272,-7.412080611,Covary
Bcar3,-3.704334947,-14.35353442,Covary
Ptpn9,-3.746522718,-5.585913546,Covary
Naa15,-3.751191539,-5.642764415,Covary
Mfsd14a,-3.755615594,-7.355464,Covary
Pip4p2,-3.757578349,-6.365549719,Covary
Smu1,-3.76010439,-7.46444457,Covary
C8g,-3.775349131,-1.752031128,Covary
Naprt,-3.780909588,-4.493165634,Covary
Ppp2r3c,-3.789525037,-8.449984525,Covary
Ppp1r7,-3.81573396,-10.27993679,Covary
Rab5a,-3.821867811,-4.731717236,Covary
Actr1b,-3.840051929,-5.919652224,Covary
Pigg,-3.848795507,-7.627989084,Covary
Znhit6,-3.85877989,-6.623943737,Covary
Dcp2,-3.866647301,-5.827221436,Covary
Taok1,-3.880735467,-9.310471129,Covary
Tmem179b,-3.922020982,-4.412442868,Covary
Fchsd2,-3.924696669,-5.548989799,Covary
Atl3,-3.981330839,-7.126731961,Covary
Zfand6,-4.025869077,-7.124747544,Covary
Zfp638,-4.034462187,-9.493986427,Covary
Igip,-4.037745294,-7.308811494,Covary
Kdelr1,-4.048964959,-8.919151057,Covary
Usp38,-4.083514035,-5.745385416,Covary
Fam160a2,-4.125406972,-8.287511634,Covary
Insr,-4.180908738,-5.959532445,Covary
Tiprl,-4.183429344,-7.167460488,Covary
Prmt5,-4.184574749,-3.691525546,Covary
A4galt,-4.207552922,-3.625053936,Covary
Nat2,-4.211371429,-2.066026249,Covary
Cdadc1,-4.228171444,-5.636615596,Covary
Lclat1,-4.262197269,-3.852274778,Covary
Selenos,-4.288408752,-7.223754777,Covary
Tmem143,-4.290087355,-3.903934325,Covary
Kansl1,-4.308419374,-10.55411115,Covary
Med1,-4.328945293,-6.372698945,Covary
Psmg1,-4.357890185,-4.680759162,Covary
Slc39a11,-4.362285766,-3.068609265,Covary
Pdk4,-4.363253866,-5.714710056,Covary
Nek7,-4.365892861,-8.146894915,Covary
Suz12,-4.389346175,-4.016116926,Covary
Ubxn8,-4.432113926,-5.127842499,Covary
Atad1,-4.462236886,-11.50283007,Covary
Snx13,-4.481468983,-8.608302087,Covary
Wdr11,-4.494865431,-6.669896546,Covary
Mkln1,-4.526661777,-8.009775098,Covary
Hspa4l,-4.529500049,-4.959086826,Covary
Gys2,-4.572483048,-1.00788504,Covary
Notum,-4.587356612,-1.240846022,Covary
Fmr1,-4.595535292,-8.420877742,Covary
Ablim1,-4.60112021,-8.179883109,Covary
Ubqln2,-4.616480286,-12.63081926,Covary
Scyl2,-4.669161274,-6.541148995,Covary
Flii,-4.682868053,-10.12298204,Covary
Man1a2,-4.705068469,-10.47062418,Covary
Gga2,-4.711879929,-6.06860005,Covary
Tmem86a,-4.750690027,-61.28577403,Covary
Commd2,-4.753340737,-3.750353096,Covary
Id4,-4.777325321,-13.18331537,Covary
Gpr180,-4.80714517,-4.284792905,Covary
Hist1h4h,-4.848754227,-8.688172171,Covary
Asb9,-4.9344226,-5.272010313,Covary
Plgrkt,-4.945063017,-6.743557009,Covary
Prxl2c,-4.957402087,-7.658332792,Covary
Mfsd2a,-4.964138626,-2.322185008,Covary
Khdrbs1,-4.968603331,-6.711166846,Covary
Gdf15,-4.978186793,-16.17874097,Covary
Bnip3l,-5.055800516,-7.629041379,Covary
Aoah,-5.055953483,-1.994261331,Covary
March7,-5.068966833,-6.391101135,Covary
Las1l,-5.078293058,-4.144230141,Covary
Sdf2,-5.093848984,-11.46003356,Covary
Vkorc1,-5.100177876,-7.350386979,Covary
Umps,-5.10531614,-4.539315371,Covary
Efcab14,-5.106864059,-13.42618609,Covary
Ppp4r1,-5.12523152,-6.673518319,Covary
Erg28,-5.133921555,-9.974413281,Covary
Arid1b,-5.155178415,-13.26120016,Covary
Ankrd46,-5.176174145,-9.067626045,Covary
Tmem127,-5.210265927,-18.88996874,Covary
Degs2,-5.236901423,-4.162295832,Covary
4933434E20Rik,-5.274921298,-8.475113062,Covary
Uggt1,-5.311421014,-8.557581139,Covary
Mtmr10,-5.339926917,-5.973263427,Covary
Dhtkd1,-5.359164486,-3.103041376,Covary
P2rx4,-5.362438692,-8.222679778,Covary
Nbeal2,-5.363314423,-6.267527035,Covary
Slc22a22,-5.458946334,-1.560401486,Covary
Fam126b,-5.470348422,-4.47335387,Covary
Tasor,-5.496318359,-13.93994009,Covary
Trappc11,-5.50260956,-7.333132311,Covary
Rspry1,-5.530666405,-8.751277676,Covary
Zfp664,-5.569486677,-15.2365391,Covary
Echdc1,-5.614449761,-3.976628063,Covary
Atp9a,-5.615309929,-8.943462566,Covary
Thap12,-5.667156165,-12.22751753,Covary
Ubap1,-5.722753271,-5.951741888,Covary
Hps5,-5.725681707,-7.175004794,Covary
Cnep1r1,-5.729716352,-10.05906584,Covary
Atxn7l3,-5.745568869,-11.49406525,Covary
Nrd1,-5.75720702,-9.788523763,Covary
Creg1,-5.779294553,-5.849772295,Covary
Nop10,-5.79777787,-5.652063623,Covary
Osbpl3,-5.826075383,-8.661443559,Covary
Pex13,-5.828199261,-6.208961238,Covary
Usp19,-5.89691888,-15.49989138,Covary
Tbcel,-5.929458389,-9.79479199,Covary
Mlx,-5.957971234,-4.533483046,Covary
Pm20d1,-5.998054829,-3.83214521,Covary
Anapc16,-5.998683439,-12.80499731,Covary
Aebp2,-6.004600361,-17.19965928,Covary
Ralb,-6.005987981,-10.21900425,Covary
Acot4,-6.012328577,-3.613397138,Covary
Isoc1,-6.013204274,-7.435062723,Covary
Cap1,-6.015552012,-12.84139193,Covary
Tmem256,-6.046801693,-5.036690926,Covary
Rffl,-6.133147971,-5.841005756,Covary
Elk4,-6.134493665,-9.713671469,Covary
Huwe1,-6.142107149,-7.755285627,Covary
Slc38a3,-6.153225299,-2.683173388,Covary
Araf,-6.170679842,-8.616688729,Covary
Ssu72,-6.186064236,-9.021196867,Covary
Htt,-6.243670541,-5.010765022,Covary
Ptprd,-6.255380428,-5.153928017,Covary
Micu1,-6.328561826,-12.92688779,Covary
Pdcd4,-6.36469789,-17.19527081,Covary
Sdc2,-6.36603627,-8.448612371,Covary
Npepps,-6.378907471,-7.832093286,Covary
Cyp4a10,-6.389254108,-2.254726946,Covary
Psmd5,-6.431817653,-7.888696136,Covary
Slc36a1,-6.432218589,-5.058913566,Covary
Tob2,-6.435918778,-9.711343237,Covary
Reep6,-6.440543439,-3.340684113,Covary
Rnf6,-6.453006888,-6.022641317,Covary
Dera,-6.505196874,-3.531628902,Covary
Fus,-6.56642539,-8.021700183,Covary
Ranbp2,-6.578889912,-8.126080569,Covary
Ptp4a2,-6.600845309,-11.43903768,Covary
Wbp11,-6.612926178,-12.9365246,Covary
Fitm2,-6.620707254,-4.979023092,Covary
Ugt2b37,-6.621086539,-2.553509785,Covary
Med13,-6.665601991,-10.83885238,Covary
Nectin3,-6.698439678,-7.838528812,Covary
Lpcat3,-6.73739585,-10.01270125,Covary
Trim28,-6.769965662,-12.67979054,Covary
Map3k7cl,-6.784631842,-2.407587935,Covary
Rnf103,-6.809206952,-19.02964238,Covary
Rbm39,-6.883951087,-22.90782711,Covary
Hbp1,-6.965161871,-18.44472394,Covary
Eif3l,-7.084244182,-13.77033275,Covary
Cmah,-7.160228069,-2.502377734,Covary
Mrs2,-7.160840556,-4.543251368,Covary
Aurkaip1,-7.163181744,-8.313067957,Covary
St6galnac2,-7.16865427,-4.983629372,Covary
Gnb1,-7.169523016,-18.35081966,Covary
Atraid,-7.176246138,-7.23894361,Covary
Dhfr,-7.248044256,-4.003359342,Covary
Akr1d1,-7.274252471,-3.840549045,Covary
Galns,-7.287305878,-3.372193139,Covary
Pik3ca,-7.292208764,-11.19354267,Covary
Sec16a,-7.318276277,-13.62769343,Covary
Cd47,-7.32720708,-14.2332189,Covary
Ly6g2,-7.352699411,-1.880686415,Covary
Efr3a,-7.51749073,-8.576356301,Covary
Tusc3,-7.537437938,-15.2501784,Covary
Asph,-7.618861206,-24.60060938,Covary
Pum1,-7.649169406,-7.535534436,Covary
Cndp1,-7.664459504,-2.493715458,Covary
Spag9,-7.760789301,-10.3976794,Covary
Inpp5b,-7.764496557,-9.123846283,Covary
Lmbrd2,-7.782488906,-7.807890755,Covary
Bsdc1,-7.820013578,-9.83922056,Covary
Tstd1,-7.84687093,-1.996434799,Covary
Cpd,-7.939056536,-21.26325774,Covary
Tmem183a,-7.949633951,-5.148496875,Covary
Bcl2l1,-8.04887163,-25.47622309,Covary
Ces1d,-8.064706493,-3.385029107,Covary
Srrm2,-8.194447266,-41.72418562,Covary
Slc35b2,-8.221591996,-10.48035555,Covary
Acad8,-8.231043125,-7.732772931,Covary
Atg5,-8.233414278,-6.987396707,Covary
Lrrc19,-8.238057097,-1.855028377,Covary
Acaca,-8.24325306,-5.489254939,Covary
Ccny,-8.248109402,-9.059830395,Covary
Vps35,-8.265661928,-6.481744904,Covary
Mtpn,-8.290107971,-14.69177714,Covary
Ei24,-8.3048646,-13.62472311,Covary
Tprkb,-8.320184218,-5.623396669,Covary
Dap3,-8.370155333,-14.60743013,Covary
Lrrc58,-8.454548203,-7.346746121,Covary
Lmtk2,-8.462693174,-5.147644009,Covary
Unc119b,-8.547366276,-10.68842353,Covary
Slc16a13,-8.556521387,-4.175650566,Covary
Ecsit,-8.621254965,-7.740994424,Covary
Fbxw11,-8.638893298,-11.00874253,Covary
Tmf1,-8.702300851,-5.635553394,Covary
Tor1aip1,-8.716940134,-8.189587976,Covary
Cul3,-8.785330234,-8.459793862,Covary
Tmem223,-8.796271573,-10.75565724,Covary
Tpk1,-8.807609263,-6.444583162,Covary
Eif3c,-8.832119288,-13.2798048,Covary
Aamdc,-8.921519037,-9.977541139,Covary
Prkaa2,-8.93014165,-8.391933859,Covary
Id3,-8.959938561,-19.94236287,Covary
Gmfb,-9.036278313,-6.265092852,Covary
Slc16a7,-9.072360752,-21.14985144,Covary
Nfic,-9.112049428,-25.37285048,Covary
Riok3,-9.138861818,-11.59292701,Covary
Upb1,-9.167144015,-4.037680691,Covary
Mgam,-9.173409643,-3.107373884,Covary
Coa5,-9.260537204,-8.485903632,Covary
Pitrm1,-9.282227803,-15.24246985,Covary
Slc7a7,-9.305047297,-4.381239483,Covary
Vps28,-9.366702065,-12.0000595,Covary
Aldh3a2,-9.462074991,-9.453784798,Covary
Sik1,-9.469130218,-7.381856064,Covary
Adss,-9.496466891,-8.308450028,Covary
Cebpa,-9.499005636,-10.91073769,Covary
Acot12,-9.550861451,-2.619220394,Covary
Fbxo22,-9.590095645,-5.592655089,Covary
Mcl1,-9.636447398,-33.62893408,Covary
Pdia4,-9.665236088,-8.207243541,Covary
Ssr1,-9.700404673,-13.07186408,Covary
Arpc1a,-9.75758343,-10.11474049,Covary
H3f3a,-9.866730381,-12.56558789,Covary
Pex2,-9.978438975,-6.59892797,Covary
Mgst1,-10.02829417,-10.46783368,Covary
Itgb8,-10.04488027,-9.46564644,Covary
Cd302,-10.05393597,-5.605122503,Covary
Pdcd6,-10.09692668,-8.221680503,Covary
Abcc2,-10.16193462,-4.030846866,Covary
Ube2k,-10.17947868,-9.423248189,Covary
Dglucy,-10.20784381,-5.992727868,Covary
Paip1,-10.24282415,-9.243220216,Covary
Ebp,-10.2474088,-5.626778153,Covary
Dmxl1,-10.26964763,-16.27347731,Covary
Cox16,-10.32592221,-8.89487326,Covary
Hspe1,-10.33686441,-10.49722134,Covary
Fam210a,-10.37658364,-9.478769704,Covary
Coa3,-10.39023806,-8.846716524,Covary
Pcyox1,-10.43662909,-16.03712326,Covary
Lrrk2,-10.60629725,-6.40826999,Covary
Ascc1,-10.61192908,-6.971320807,Covary
Glyr1,-10.75545052,-6.573911354,Covary
Usp7,-10.8869433,-9.573882794,Covary
Gstm5,-10.89670623,-6.452909839,Covary
Pxmp4,-10.90868745,-6.396620513,Covary
Prodh,-10.96207534,-11.72155237,Covary
Coq8a,-11.0462661,-8.155469137,Covary
Slc39a8,-11.04690406,-4.524522447,Covary
Fam102a,-11.22762406,-11.04330989,Covary
B3gat2,-11.23178294,-5.06540168,Covary
Surf4,-11.25958018,-13.1832316,Covary
Nox4,-11.29827142,-2.726798403,Covary
Slc16a4,-11.34443853,-5.112917572,Covary
Rnf13,-11.40909501,-14.31067456,Covary
Enpep,-11.44579376,-7.49439372,Covary
Secisbp2l,-11.60288359,-13.37260706,Covary
Treh,-11.62883583,-5.030078663,Covary
Dbt,-11.6316213,-14.3197795,Covary
Tmco1,-11.65346945,-13.41738177,Covary
Cdc123,-11.73444961,-9.299045976,Covary
Sptbn1,-11.88479561,-26.95039837,Covary
Ddx3x,-11.96172257,-14.19250956,Covary
Ildr2,-12.00718646,-7.342608453,Covary
Amn,-12.0192179,-6.047401897,Covary
Slc18a1,-12.11211561,-5.095713571,Covary
Paqr9,-12.32227662,-4.884163103,Covary
Hectd1,-12.4377333,-9.871921436,Covary
Gprc5c,-12.46285087,-12.63489084,Covary
C1galt1,-12.51634349,-11.30517319,Covary
Txnrd1,-12.62046107,-8.002436135,Covary
Gna12,-12.74591523,-8.318790479,Covary
Mfap3l,-12.75119816,-8.029576014,Covary
Abhd14b,-12.79941684,-8.510633193,Covary
Irs2,-12.82345399,-9.516625,Covary
Tspo,-12.85899974,-14.20630382,Covary
Lmbrd1,-13.02976535,-24.74820461,Covary
Spop,-13.09726626,-15.423492,Covary
Hebp1,-13.11210788,-6.297468098,Covary
Gnai3,-13.1399428,-8.854659298,Covary
Cda,-13.22122895,-4.57853034,Covary
Pum2,-13.2342192,-18.17698704,Covary
Hbb-bt,-13.48335677,-28.86078476,Covary
March8,-13.56336631,-14.11533429,Covary
Cyp2j11,-13.63791052,-7.386176416,Covary
Acot1,-13.90249499,-4.316931099,Covary
Zmpste24,-14.18113652,-26.48646001,Covary
Stard7,-14.25644696,-11.79899403,Covary
Col4a3,-14.2964306,-20.45073228,Covary
Ctnnb1,-14.30729406,-15.59030782,Covary
Smdt1,-14.3233109,-11.20087446,Covary
Atp6v0b,-14.52253958,-12.85473342,Covary
Gipc2,-14.54309871,-8.969386569,Covary
Lonp2,-14.59438418,-14.60896002,Covary
Cgnl1,-14.7879819,-29.66847493,Covary
Gas6,-14.85997945,-17.94405861,Covary
Agap1,-14.87492625,-12.76256716,Covary
Snx7,-14.93713725,-3.836595904,Covary
Pi4ka,-14.98675701,-11.32352825,Covary
Rbbp4,-15.14394255,-8.997773795,Covary
Gnb2,-15.44200015,-27.64293386,Covary
Tmem267,-15.49059015,-11.18763134,Covary
Itpr1,-15.55872336,-20.76293039,Covary
Yme1l1,-15.56885489,-13.21692456,Covary
Atp6v0d1,-15.60427055,-16.86041059,Covary
Ugt8a,-15.61979406,-5.836217853,Covary
Itfg1,-15.69172164,-11.48560987,Covary
Zbtb20,-15.80892969,-10.76618702,Covary
Gstz1,-15.92198495,-7.28791407,Covary
Ndufa5,-15.92803236,-13.61171205,Covary
Sugct,-16.04067853,-7.744873199,Covary
Plekhb2,-16.17606875,-10.46478176,Covary
Abcd3,-16.18736355,-8.462373207,Covary
Snx29,-16.27634074,-19.99057314,Covary
Kmo,-16.29571318,-6.050500578,Covary
B4galt5,-16.39943084,-6.505771977,Covary
Atp6ap2,-16.49838482,-29.66219479,Covary
Laptm4a,-16.65698761,-39.80753067,Covary
C1qtnf3,-16.68808513,-5.277652515,Covary
Agtrap,-16.82099803,-16.38885926,Covary
Napsa,-16.94131045,-5.523247014,Covary
Pkp4,-17.26047476,-26.09036049,Covary
Tm7sf3,-17.32605227,-5.365225418,Covary
Psmc6,-17.45225444,-13.08902974,Covary
Apeh,-17.51263792,-10.68313848,Covary
Dmgdh,-17.66091647,-5.074885809,Covary
Wls,-17.67251911,-19.84375384,Covary
Copa,-17.85242165,-17.97653011,Covary
Rdh16,-17.94419511,-4.273182075,Covary
Myo5a,-17.9828115,-7.419528777,Covary
9530068E07Rik,-18.44943108,-12.31554705,Covary
Acaa1b,-18.88232911,-4.840860438,Covary
Bhmt2,-18.92648911,-3.73629936,Covary
Osbpl9,-19.01873013,-15.97220048,Covary
Hsd3b3,-19.33569369,-3.969341719,Covary
Dusp1,-19.41178116,-43.27029058,Covary
Bcap31,-19.4786626,-26.03737982,Covary
Slc6a20b,-19.70065022,-7.056558539,Covary
Psmb4,-19.75599008,-16.06562796,Covary
Rtn3,-19.76091002,-16.74526477,Covary
Eif4a2,-19.78824043,-26.44199603,Covary
Mtor,-19.90732711,-9.234482247,Covary
Usp9x,-20.07345835,-21.3962867,Covary
Tm9sf3,-20.0746217,-13.40516912,Covary
Mfn1,-20.2523494,-34.78708163,Covary
Nuak2,-20.3462121,-8.825422046,Covary
Slc35a3,-20.36793523,-11.16195178,Covary
Idh1,-20.66738583,-6.45735448,Covary
Cmtm6,-21.16038599,-6.607051209,Covary
Ivns1abp,-21.17894964,-18.2382033,Covary
Haao,-21.81919162,-5.949164538,Covary
Kcnk5,-21.89420171,-4.657736527,Covary
Hnrnpk,-21.98677745,-28.8345161,Covary
Cpt1a,-22.10849164,-19.17898003,Covary
Cyb5r3,-22.42288934,-13.78786739,Covary
Canx,-22.52106955,-22.50382984,Covary
Thoc7,-22.61673163,-13.96248425,Covary
Galnt1,-22.74067109,-12.37397836,Covary
Aco1,-22.74356587,-10.10723072,Covary
Rnf11,-23.05527049,-10.35517428,Covary
Adhfe1,-23.1075949,-9.184446794,Covary
Kl,-23.31521023,-7.183633975,Covary
Cubn,-23.45241748,-10.88866449,Covary
Gnas,-23.6572392,-81.1402462,Covary
Selenot,-23.96841586,-11.87312151,Covary
Mccc1,-24.36002667,-24.98901062,Covary
BC004004,-24.60549161,-12.4153406,Covary
Trap1,-24.68089009,-15.11169059,Covary
Vwa8,-24.69176782,-10.90468843,Covary
Pank1,-24.99098489,-16.29975371,Covary
Phb2,-25.17602798,-17.30043809,Covary
Hadhb,-25.52806147,-15.34652738,Covary
Mat2a,-25.84657602,-33.26192669,Covary
Slc22a18,-25.94423451,-4.80314179,Covary
Aldh1l1,-25.97688609,-19.23211479,Covary
Hykk,-26.58185304,-10.53880164,Covary
Tmem229a,-27.04079549,-17.33612462,Covary
Acsm1,-27.49636392,-6.073075379,Covary
Ephx2,-27.6236313,-16.3775687,Covary
Guca2b,-28.00475156,-21.31730056,Covary
Fah,-28.09329978,-18.2150743,Covary
Hgd,-28.55287807,-14.28784334,Covary
Rab3ip,-28.59303256,-26.73830643,Covary
Csde1,-28.70169842,-21.1405153,Covary
Ces1f,-29.16503509,-20.52638846,Covary
Hexb,-29.35172219,-23.01217617,Covary
Slc5a8,-30.05059749,-15.14873089,Covary
Capns1,-30.11238755,-20.02804698,Covary
Cltc,-30.72127452,-20.71322222,Covary
Slco1a1,-31.84689082,-2.873460285,Covary
Cyp2j13,-31.96635118,-3.37768756,Covary
Mfsd4b1,-32.19781205,-6.570749341,Covary
Tspan3,-32.32927749,-37.16877374,Covary
Abcg2,-32.87789451,-10.13449258,Covary
Gsr,-33.00597439,-8.270765281,Covary
Fcgrt,-33.74375973,-28.08359914,Covary
Aldh8a1,-33.87350182,-10.21449507,Covary
Cdh16,-34.46327422,-64.75637057,Covary
Pabpc1,-34.53803296,-20.47729954,Covary
Papss2,-34.54319708,-16.56249605,Covary
Ndufa10,-34.6094596,-21.72030692,Covary
Cryzl2,-34.82324178,-7.92105147,Covary
Ndufs1,-35.43029929,-12.02634603,Covary
Mettl7b,-35.70119613,-8.190498999,Covary
Ndrg1,-36.44040176,-20.69723457,Covary
Mep1b,-36.60610037,-15.67013039,Covary
Adh5,-37.10372872,-23.58100045,Covary
Cryl1,-37.40253985,-8.943503034,Covary
Pter,-37.65710402,-13.88882707,Covary
Thnsl2,-37.70057979,-8.892188951,Covary
Adh1,-38.39292157,-15.76424934,Covary
Cbs,-39.54255682,-10.48865459,Covary
Dgat2,-39.81766551,-9.033295052,Covary
Slco1a6,-41.13491666,-4.733461652,Covary
Crot,-41.31350016,-20.74030931,Covary
Ces2c,-42.60359983,-8.970642367,Covary
Gatad1,-42.84830098,-13.35443019,Covary
Decr1,-42.93481333,-10.38904752,Covary
Slc22a2,-43.15547431,-18.87930893,Covary
Tsc22d1,-43.57773303,-19.43974927,Covary
Aass,-43.95993884,-7.303141637,Covary
Txn2,-44.28497765,-27.25080104,Covary
Slc3a1,-45.26638057,-25.27072883,Covary
Slc47a1,-45.64651064,-7.597988043,Covary
Tkfc,-46.22943613,-7.619382719,Covary
Lap3,-47.2169855,-11.43422691,Covary
4931406C07Rik,-50.28064458,-17.59036111,Covary
Me1,-50.41798529,-11.52782695,Covary
Nat8,-51.9756499,-13.22006663,Covary
Gas2,-52.17290232,-11.44026781,Covary
Slc22a12,-52.83118589,-19.48651645,Covary
Kcnj15,-53.36195761,-18.78107672,Covary
Tmigd1,-53.89005335,-18.52983119,Covary
Akr1c14,-53.99546792,-23.07626448,Covary
Hadh,-55.75762381,-14.90724322,Covary
Slc17a1,-56.83680037,-16.15271743,Covary
Gcdh,-57.05256313,-17.04287676,Covary
Tmbim4,-59.41639348,-24.74004211,Covary
Sord,-61.16466308,-17.18357181,Covary
Agps,-61.51952466,-17.7314418,Covary
Uqcrc2,-62.73769345,-42.08754647,Covary
Tmem176a,-64.26333058,-24.98094834,Covary
Ddah1,-64.74643033,-11.55683447,Covary
Aacs,-64.87737365,-15.55043271,Covary
Atp5d,-65.5180924,-35.66551535,Covary
Hnf4a,-65.70732669,-13.35607255,Covary
Cox6c,-66.59469693,-30.92535431,Covary
Hist1h2bc,-67.08844815,-19.54370485,Covary
Atp5k,-68.19777284,-37.4327421,Covary
Rab1a,-70.33245845,-47.76323498,Covary
Gclm,-73.14842388,-24.70431831,Covary
Fmo1,-73.868967,-19.56569867,Covary
Ehhadh,-74.26115707,-21.76478253,Covary
Slc7a13,-74.90046389,-25.80244841,Covary
Mlec,-76.03188169,-15.22408224,Covary
Amacr,-77.22120972,-36.55591785,Covary
Chpt1,-77.4292212,-19.99919061,Covary
Acox1,-79.36174523,-18.43576289,Covary
Errfi1,-82.83032712,-17.77349981,Covary
Sult1d1,-86.15983154,-42.21435819,Covary
Lamp1,-93.53327064,-46.72416114,Covary
Atp11a,-93.74788328,-29.06412246,Covary
Cldn10,-94.27880294,-141.9010831,Covary
Stard10,-95.19925048,-40.91370465,Covary
Glyat,-97.08818496,-10.11123259,Covary
Cyp2j5,-98.76720495,-21.35490495,Covary
Cd36,-106.8636135,-28.50175873,Covary
Oxct1,-108.4389658,-38.42229364,Covary
Mpv17l,-109.1209856,-46.55488578,Covary
Ugt3a2,-123.9521559,-59.07409608,Covary
Ugt2b38,-131.4930166,-17.6495122,Covary
Pck1,-132.6934839,-43.13832625,Covary
Aldh6a1,-132.7828925,-57.6930232,Covary
Ghr,-133.0853677,-42.56728116,Covary
Cndp2,-139.6853794,-28.48123544,Covary
Slc22a6,-148.1843393,-16.46087153,Covary
Pdzk1,-151.2688118,-34.6122057,Covary
Miox,-157.4080808,-45.77287028,Covary
Acsm3,-171.5399535,-47.63694135,Covary
Spink1,-214.4538966,-52.74074019,Covary
Akr1c21,-224.4165997,-70.51973549,Covary
Cyp4b1,-241.8143975,-42.56080214,Covary
Cyp2e1,-260.9504868,-29.02988378,Covary
Selenop,-263.1747014,-130.535491,Covary
Slc27a2,-272.4574397,-95.29559125,Covary
Fbp1,-336.9395311,-52.63115139,Covary
Acy3,-391.646091,-106.9722325,Covary
Keg1,-507.9475492,-102.8548812,Covary
Acsm2,-676.1819031,-128.2597054,Covary
Gpx3,-949.85458,-268.1775126,Covary
Kap,-5348.255411,-1372.184466,Covary
Slc34a1,588.2031935,-43.59874367,Divergent
Egf,117.210888,-377.6469213,Divergent
Tmsb4x,86.51332153,-95.24150033,Divergent
Ttc36,63.99868022,-11.79835483,Divergent
Inmt,60.18467259,-17.7383444,Divergent
Arl6ip1,51.45925475,-16.30734494,Divergent
Slc5a10,50.12103528,-4.89772409,Divergent
Lpl,47.9777727,-79.48236975,Divergent
Tnfaip8,36.70824318,-9.28683778,Divergent
Gabarapl1,34.11817746,-62.36435714,Divergent
Lrpap1,32.96111031,-12.67850255,Divergent
Cyba,31.90691232,-10.15703983,Divergent
Eci3,30.67189202,-12.24037886,Divergent
Mt1,29.85305254,-133.402988,Divergent
Car12,24.78396905,-11.65029952,Divergent
Pipox,23.07949337,-10.97331005,Divergent
Susd2,20.82515158,-6.999236824,Divergent
Pbld1,20.30770596,-10.33481822,Divergent
Gm2a,19.2668085,-11.08754045,Divergent
Xylb,18.77382187,-6.360646368,Divergent
Slc6a19,17.12706387,-2.752573717,Divergent
Tmem174,16.39137096,-6.013033645,Divergent
Cfh,16.03939853,-59.97553086,Divergent
Rgl1,14.88866723,-9.195955843,Divergent
Ntn1,14.84616195,-8.606299593,Divergent
Txnip,14.77074418,-45.65785639,Divergent
Scnn1b,12.89033983,-6.733528046,Divergent
Sh3bgrl3,9.209099056,-25.39154987,Divergent
Agxt2,9.148808062,-1.599700106,Divergent
Timp2,8.95473206,-13.83051585,Divergent
Pnisr,8.914016248,-7.872052862,Divergent
Map1lc3b,8.848984797,-17.14885516,Divergent
Amotl2,8.402608432,-16.67889366,Divergent
Tns3,7.291009281,-19.73433723,Divergent
Mcrip1,6.988991231,-10.20348993,Divergent
Slc27a1,6.683369382,-17.18506438,Divergent
Pik3r1,6.402364214,-17.86192446,Divergent
Gatad2b,6.233143135,-7.437239005,Divergent
Arhgdib,6.14581369,-20.56245232,Divergent
Mmp23,5.658921552,-6.44623932,Divergent
Svep1,5.575288869,-9.74552505,Divergent
Uroc1,5.345107856,-1.392307581,Divergent
Srcin1,5.344604788,-6.1899982,Divergent
Bptf,5.318655687,-9.010541668,Divergent
Fgfr2,4.560709314,-9.512824903,Divergent
S1pr3,4.235729085,-8.568643248,Divergent
Hnrnph3,4.082378735,-8.750285938,Divergent
Slc25a37,4.023621902,-4.55593235,Divergent
Lyst,2.796799606,-6.797659258,Divergent
Lypd2,-1.427433926,36.73065961,Divergent
Pafah2,-6.473818164,9.209151569,Divergent
Alas1,-9.907856528,14.59856141,Divergent
Gadd45g,-11.57416868,18.50318251,Divergent
Dlat,-11.85313005,14.40034872,Divergent
Ahcyl2,-11.88353146,16.5559468,Divergent
Micos13,-14.13587625,37.75449674,Divergent
Aco2,-15.66682086,15.14282311,Divergent
Atp5f1,-15.69477341,11.33443783,Divergent
Atp5c1,-17.36045554,56.37183924,Divergent
Ndufa1,-26.39281375,15.44558262,Divergent
Ndufs2,-29.82234801,27.40730806,Divergent
Aqp1,-46.29342473,130.8899941,Divergent
Mdh1,-70.33918179,58.08524866,Divergent